FID,id,agency_code,region_code,national_fire_id,agency_fire_id,national_fire_cause,fire_type_ics,severity_nearest_dsr,fire_was_prescribed,percent_contained,fire_size,response_type,stage_of_control_status,situation_report_date,status_date,latitude,longitude,geometry,fire_year,status_year,record_start,record_end
cwfif_national_activefires.fid--42418745_19f9e948814_-22ae,18894781,QC,,2026_QC_457,457,N,-1,-1,-1,-1,1085.7,FUL,OC,2026-06-28T16:45:00,2026-07-01T20:03:00,54.1992,-69.9569,POINT (1565553.013025 885498.2112),2026,2026,2026-07-26T12:45:00,2026-12-31T23:59:59.999
cwfif_national_activefires.fid--42418745_19f9e948814_-22ad,18836708,QC,,2026_QC_215,215,N,-1,0,0,-1,25764.4,MON,OC,2026-06-17T16:56:00,2026-06-18T16:26:00,52.315,-69.7017,POINT (1660721.661039 701245.647342),2026,2026,2026-07-25T21:45:00,2026-12-31T23:59:59.999
cwfif_national_activefires.fid--42418745_19f9e948814_-22ac,18719510,QC,,2026_QC_417,417,N,-1,5,0,-1,1454.8,MON,OC,2026-06-29T19:30:00,2026-06-29T19:30:00,53.2217,-68.44,POINT (1698409.391757 826004.308273),2026,2026,2026-07-24T15:45:00,2026-12-31T23:59:59.999
cwfif_national_activefires.fid--42418745_19f9e948814_-22ab,18647331,QC,,2026_QC_296,296,N,-1,1,0,-1,3305.3,FUL,UC,2026-06-27T20:00:00,2026-07-23T19:48:00,47.6819,-77.7261,POINT (1287902.689439 29011.347739),2026,2026,2026-07-23T21:45:00,2026-12-31T23:59:59.999
cwfif_national_activefires.fid--42418745_19f9e948814_-22aa,18622490,QC,,2026_QC_409,409,N,-1,2,0,-1,606.1,MON,OC,2026-06-28T22:00:00,2026-06-30T20:59:00,50.9933,-74.1025,POINT (1430472.127161 458015.978672),2026,2026,2026-07-23T15:45:00,2026-12-31T23:59:59.999
cwfif_national_activefires.fid--42418745_19f9e948814_-22a9,18619146,QC,,2026_QC_304,304,N,-1,2,0,-1,6711.0,MON,OC,2026-06-26T16:59:00,2026-06-28T13:06:00,57.245,-68.8053,POINT (1500571.525817 1218836.953111),2026,2026,2026-07-23T14:45:00,2026-12-31T23:59:59.999
cwfif_national_activefires.fid--42418745_19f9e948814_-22a8,18460298,QC,,2026_QC_332,332,N,-1,5,0,-1,10180.5,MON,OC,2026-06-28T00:48:00,2026-06-29T13:51:00,56.3919,-67.9417,POINT (1585379.870213 1154980.238661),2026,2026,2026-07-21T20:45:00,2026-12-31T23:59:59.999
cwfif_national_activefires.fid--42418745_19f9e948814_-22a7,18439101,QC,,2026_QC_376,376,N,-1,5,0,-1,3380.3,MON,OC,2026-06-28T20:44:00,2026-07-21T12:33:00,52.1392,-76.715,POINT (1221147.749819 523959.996917),2026,2026,2026-07-21T13:45:00,2026-12-31T23:59:59.999
cwfif_national_activefires.fid--42418745_19f9e948814_-22a6,18439040,QC,,2026_QC_320,320,N,-1,2,0,-1,2310.8,MON,OC,2026-06-28T17:43:00,2026-07-21T12:33:00,52.0889,-76.3203,POINT (1248356.093821 526318.329246),2026,2026,2026-07-21T13:45:00,2026-12-31T23:59:59.999
cwfif_national_activefires.fid--42418745_19f9e948814_-22a5,18439004,QC,,2026_QC_289,289,N,-1,7,0,-1,3471.3,MOD,OC,2026-06-26T20:56:00,2026-07-21T12:32:00,51.3631,-78.3894,POINT (1134088.961135 410638.546618),2026,2026,2026-07-21T13:45:00,2026-12-31T23:59:59.999
cwfif_national_activefires.fid--42418745_19f9e948814_-22a4,18439038,QC,,2026_QC_319,319,N,-1,1,0,-1,139.1,MON,OC,2026-06-27T17:39:00,2026-07-21T12:33:00,52.1556,-76.4736,POINT (1236295.777249 530352.998076),2026,2026,2026-07-21T13:45:00,2026-12-31T23:59:59.999
cwfif_national_activefires.fid--42418745_19f9e948814_-22a3,18431362,QC,,2026_QC_327,327,N,-1,5,0,-1,2986.1,MON,OC,2026-06-28T20:32:00,2026-07-21T09:26:00,52.0072,-77.0572,POINT (1202954.129645 503495.098045),2026,2026,2026-07-21T11:45:00,2026-12-31T23:59:59.999
cwfif_national_activefires.fid--42418745_19f9e948814_-22a2,18370668,QC,,2026_QC_271,271,N,-1,8,0,-1,29976.5,MON,OC,2026-06-25T20:42:00,2026-07-10T21:38:00,51.605,-78.3261,POINT (1131398.898817 437532.092854),2026,2026,2026-07-20T18:45:00,2026-12-31T23:59:59.999
cwfif_national_activefires.fid--42418745_19f9e948814_-22a1,18370846,QC,,2026_QC_431,431,N,-1,3,0,-1,211.8,MON,OC,2026-06-29T14:50:00,2026-06-29T14:50:00,55.4194,-70.1978,POINT (1500587.115342 1002914.81016),2026,2026,2026-07-20T18:45:00,2026-12-31T23:59:59.999
cwfif_national_activefires.fid--42418745_19f9e948814_-22a0,18366554,QC,,2026_QC_444,444,N,-1,7,0,-1,1517.8,MON,OC,2026-06-28T21:06:00,2026-07-01T17:56:00,53.5603,-69.6653,POINT (1609952.302434 828222.166624),2026,2026,2026-07-20T17:45:00,2026-12-31T23:59:59.999
cwfif_national_activefires.fid--42418745_19f9e948814_-229f,18366433,QC,,2026_QC_335,335,N,-1,2,0,-1,9296.6,MON,OC,2026-06-27T21:07:00,2026-07-01T20:05:00,53.5925,-72.2228,POINT (1453620.155373 769903.692322),2026,2026,2026-07-20T17:45:00,2026-12-31T23:59:59.999
cwfif_national_activefires.fid--42418745_19f9e948814_-229e,18366341,QC,,2026_QC_252,252,N,-1,2,0,-1,39797.4,MON,OC,2026-06-22T18:35:00,2026-06-22T18:35:00,54.7494,-76.4675,POINT (1154994.497942 802886.563599),2026,2026,2026-07-20T17:45:00,2026-12-31T23:59:59.999
cwfif_national_activefires.fid--42418745_19f9e948814_-229d,18366458,QC,,2026_QC_358,358,N,-1,-1,0,-1,8698.2,MOD,OC,2026-06-29T19:33:00,2026-07-20T16:03:00,52.9028,-67.6639,POINT (1759575.526845 815193.92225),2026,2026,2026-07-20T17:45:00,2026-12-31T23:59:59.999
cwfif_national_activefires.fid--42418745_19f9e948814_-229c,18359663,QC,,2026_QC_284,284,U,-1,0,0,-1,107721.3,FUL,UC,2026-06-18T22:00:00,2026-07-19T18:49:00,50.055,-78.9553,POINT (1132381.546646 260686.668022),2026,2026,2026-07-20T15:45:00,2026-12-31T23:59:59.999
cwfif_national_activefires.fid--42418745_19f9e948814_-229b,18351389,QC,,2026_QC_316,316,N,-1,0,0,-1,103.9,MON,OC,2026-06-27T20:41:00,2026-07-20T12:52:00,51.3497,-78.5647,POINT (1122767.101183 406099.965117),2026,2026,2026-07-20T13:45:00,2026-12-31T23:59:59.999
cwfif_national_activefires.fid--42418745_19f9e948814_-229a,18282714,QC,,2026_QC_415,415,U,-1,0,0,-1,302.2,MON,OC,2026-06-30T00:03:00,2026-06-30T00:03:00,55.5803,-65.7311,POINT (1745290.132994 1132932.601034),2026,2026,2026-07-19T19:45:00,2026-12-31T23:59:59.999
cwfif_national_activefires.fid--42418745_19f9e948814_-2299,18175778,QC,,2026_QC_234,234,N,-1,0,0,-1,12587.4,MON,OC,2026-06-19T18:02:00,2026-06-20T21:37:00,54.9411,-77.2142,POINT (1103923.487805 809724.120134),2026,2026,2026-07-18T15:45:00,2026-12-31T23:59:59.999
cwfif_national_activefires.fid--42418745_19f9e948814_-2298,18175898,QC,,2026_QC_342,342,N,-1,1,0,-1,3.1,MON,OC,2026-06-27T22:18:00,2026-06-29T16:54:00,52.495,-78.3414,POINT (1105018.40923 531888.923808),2026,2026,2026-07-18T15:45:00,2026-12-31T23:59:59.999
cwfif_national_activefires.fid--42418745_19f9e948814_-2297,18082094,QC,,2026_QC_416,416,N,-1,0,0,-1,17716.2,MON,OC,2026-06-29T17:06:00,2026-06-29T17:06:00,56.9258,-66.5569,POINT (1636054.236538 1242716.133734),2026,2026,2026-07-17T13:45:00,2026-12-31T23:59:59.999
cwfif_national_activefires.fid--42418745_19f9e948814_-2296,18042442,QC,,2026_QC_318,318,N,-1,2,0,-1,6.0,MON,OC,2026-06-28T17:30:00,2026-07-16T21:35:00,52.1636,-76.0672,POINT (1262360.600623 539177.827407),2026,2026,2026-07-17T02:45:00,2026-12-31T23:59:59.999
cwfif_national_activefires.fid--42418745_19f9e948814_-2295,18042446,QC,,2026_QC_321,321,N,-1,5,0,-1,1082.6,MON,OC,2026-06-28T17:42:00,2026-07-16T21:36:00,52.2833,-76.9678,POINT (1200288.020228 534360.885888),2026,2026,2026-07-17T02:45:00,2026-12-31T23:59:59.999
cwfif_national_activefires.fid--42418745_19f9e948814_-2294,18042402,QC,,2026_QC_282,282,N,-1,4,0,-1,0.1,MOD,OC,2026-06-26T18:47:00,2026-07-16T21:35:00,52.2681,-76.0747,POINT (1258504.709292 550021.218642),2026,2026,2026-07-17T02:45:00,2026-12-31T23:59:59.999
cwfif_national_activefires.fid--42418745_19f9e948814_-2293,17915994,QC,,2026_QC_290,290,N,-1,3,0,-1,10832.5,MON,OC,2026-06-26T18:53:00,2026-07-22T17:05:00,50.2878,-78.6331,POINT (1148061.283845 291411.957109),2026,2026,2026-07-15T14:45:00,2026-12-31T23:59:59.999
cwfif_national_activefires.fid--42418745_19f9e948814_-2292,17860272,QC,,2026_QC_275,275,N,-1,1,0,-1,1372.3,MON,OC,2026-06-23T17:27:00,2026-06-26T19:32:00,52.0986,-69.0044,POINT (1713418.349567 697840.295939),2026,2026,2026-07-14T22:45:00,2026-12-31T23:59:59.999
cwfif_national_activefires.fid--42418745_19f9e948814_-2291,17860313,QC,,2026_QC_311,311,N,-1,7,0,-1,610.8,MOD,OC,2026-06-27T20:54:00,2026-07-14T19:40:00,53.6731,-78.0272,POINT (1091273.980348 662119.194366),2026,2026,2026-07-14T22:45:00,2026-12-31T23:59:59.999
cwfif_national_activefires.fid--42418745_19f9e948814_-2290,17860451,QC,,2026_QC_436,436,N,-1,5,0,-1,197.1,MON,OC,2026-06-29T17:38:00,2026-06-29T17:38:00,53.4036,-68.0653,POINT (1712733.132239 854264.599106),2026,2026,2026-07-14T22:45:00,2026-12-31T23:59:59.999
cwfif_national_activefires.fid--42418745_19f9e948814_-228f,17860301,QC,,2026_QC_300,300,N,-1,7,0,-1,1286.8,MOD,OC,2026-06-27T20:53:00,2026-07-14T19:40:00,53.7325,-78.0211,POINT (1089940.082528 668501.619667),2026,2026,2026-07-14T22:45:00,2026-12-31T23:59:59.999
cwfif_national_activefires.fid--42418745_19f9e948814_-228e,17860215,QC,,2026_QC_223,223,N,-1,2,0,-1,12919.3,MOD,OC,2026-06-19T23:34:00,2026-07-14T19:41:00,53.5389,-78.4275,POINT (1069917.690902 641119.271531),2026,2026,2026-07-14T22:45:00,2026-12-31T23:59:59.999
cwfif_national_activefires.fid--42418745_19f9e948814_-228d,17786808,QC,,2026_QC_441,441,N,-1,5,0,-1,2703.7,MON,OC,2026-06-28T21:06:00,2026-06-28T21:06:00,53.8478,-70.9031,POINT (1523547.311107 826884.974239),2026,2026,2026-07-14T00:45:00,2026-12-31T23:59:59.999
cwfif_national_activefires.fid--42418745_19f9e948814_-228c,17786821,QC,,2026_QC_453,453,N,-1,4,0,-1,2807.7,MON,OC,2026-06-28T20:01:00,2026-07-01T18:51:00,53.1625,-71.1578,POINT (1535714.731374 750905.604592),2026,2026,2026-07-14T00:45:00,2026-12-31T23:59:59.999
cwfif_national_activefires.fid--42418745_19f9e948814_-228b,17774592,QC,,2026_QC_374,374,N,-1,-1,0,-1,5970.9,MON,OC,2026-05-28T00:48:00,2026-06-30T12:18:00,54.4528,-71.5986,POINT (1457793.418855 872235.912727),2026,2026,2026-07-13T20:45:00,2026-12-31T23:59:59.999
cwfif_national_activefires.fid--42418745_19f9e948814_-228a,17771200,QC,,2026_QC_245,245,N,-1,1,0,-1,49662.4,MON,OC,2026-06-23T16:17:00,2026-07-12T10:12:00,53.8775,-72.8983,POINT (1401655.25195 784043.270515),2026,2026,2026-07-13T19:45:00,2026-12-31T23:59:59.999
cwfif_national_activefires.fid--42418745_19f9e948814_-2289,17771423,QC,,2026_QC_446,446,N,-1,7,0,-1,122.3,MON,OC,2026-06-29T18:01:00,2026-06-29T18:01:00,53.0397,-68.86,POINT (1681073.267687 796564.154842),2026,2026,2026-07-13T19:45:00,2026-12-31T23:59:59.999
cwfif_national_activefires.fid--42418745_19f9e948814_-2288,17757716,QC,,2026_QC_423,423,N,-1,6,0,-1,46.6,MON,OC,2026-06-30T18:00:00,2026-07-12T21:59:00,51.6758,-76.9306,POINT (1221444.032167 470857.94085),2026,2026,2026-07-13T15:45:00,2026-12-31T23:59:59.999
cwfif_national_activefires.fid--42418745_19f9e948814_-2287,17757748,QC,,2026_QC_452,452,N,-1,4,0,-1,1200.6,MON,OC,2026-06-28T19:16:00,2026-06-28T19:16:00,53.1636,-71.6825,POINT (1503420.715502 738482.809449),2026,2026,2026-07-13T15:45:00,2026-12-31T23:59:59.999
cwfif_national_activefires.fid--42418745_19f9e948814_-2286,17717428,QC,,2026_QC_270,270,N,-1,-1,0,-1,6167.4,MON,OC,2026-05-25T18:20:00,2026-05-25T18:20:00,53.1167,-69.1489,POINT (1660193.812584 796730.945762),2026,2026,2026-07-13T03:45:00,2026-12-31T23:59:59.999
cwfif_national_activefires.fid--42418745_19f9e948814_-2285,17717608,QC,,2026_QC_432,432,N,-1,3,0,-1,6113.5,MON,OC,2026-06-29T11:48:00,2026-06-29T11:48:00,56.2172,-71.3172,POINT (1404458.784016 1058088.949263),2026,2026,2026-07-13T03:45:00,2026-12-31T23:59:59.999
cwfif_national_activefires.fid--42418745_19f9e948814_-2284,17681103,QC,,2026_QC_421,421,N,-1,0,0,-1,11655.4,MON,OC,2026-06-29T20:02:00,2026-06-29T20:02:00,56.1703,-69.2275,POINT (1523838.474124 1101467.645202),2026,2026,2026-07-12T16:45:00,2026-12-31T23:59:59.999
cwfif_national_activefires.fid--42418745_19f9e948814_-2283,17637055,QC,,2026_QC_373,373,N,-1,3,0,-1,43325.8,MON,OC,2026-06-28T16:26:00,2026-07-06T22:49:00,53.8711,-71.9269,POINT (1460843.299161 805244.692567),2026,2026,2026-07-12T01:45:00,2026-12-31T23:59:59.999
cwfif_national_activefires.fid--42418745_19f9e948814_-2282,17636893,QC,,2026_QC_226,226,N,-1,0,0,-1,3100.6,MON,OC,2026-06-19T18:23:00,2026-07-23T13:46:00,53.3767,-72.9383,POINT (1417877.516512 731548.88136),2026,2026,2026-07-12T01:45:00,2026-12-31T23:59:59.999
cwfif_national_activefires.fid--42418745_19f9e948814_-2281,17567772,QC,,2026_QC_307,307,N,-1,7,0,-1,1088.2,MON,OC,2026-06-26T19:01:00,2026-07-10T21:36:00,51.3103,-78.6939,POINT (1115238.044972 399623.452753),2026,2026,2026-07-11T03:45:00,2026-12-31T23:59:59.999
cwfif_national_activefires.fid--42418745_19f9e948814_-2280,17538846,QC,,2020_QC_499,499,N,-1,1,0,-1,11.1,MON,OC,2020-06-30T00:16:00,2020-06-30T00:16:00,50.5758,-62.5819,POINT (2185460.473241 744059.158929),2020,2020,2026-07-10T18:45:00,2026-12-31T23:59:59.999
cwfif_national_activefires.fid--42418745_19f9e948814_-227f,17491094,QC,,2026_QC_399,399,N,-1,2,0,-1,1220.5,MON,OC,2026-06-23T23:46:00,2026-06-30T18:50:00,52.7144,-70.5256,POINT (1592900.990883 720760.723276),2026,2026,2026-07-10T03:45:00,2026-12-31T23:59:59.999
cwfif_national_activefires.fid--42418745_19f9e948814_-227e,17491010,QC,,2026_QC_322,322,N,-1,16,0,-1,340.7,MON,OC,2026-06-27T19:59:00,2026-07-09T19:20:00,53.8417,-77.3136,POINT (1130921.468694 692374.051573),2026,2026,2026-07-10T03:45:00,2026-12-31T23:59:59.999
cwfif_national_activefires.fid--42418745_19f9e948814_-227d,17491155,QC,,2026_QC_454,454,N,-1,4,0,-1,94.7,MON,OC,2026-06-29T18:38:00,2026-06-29T18:38:00,53.25,-71.0728,POINT (1537402.815704 761889.916812),2026,2026,2026-07-10T03:45:00,2026-12-31T23:59:59.999
cwfif_national_activefires.fid--42418745_19f9e948814_-227c,17463890,QC,,2026_QC_377,377,N,-1,0,0,-1,11801.6,MON,OC,2026-05-25T21:48:00,2026-06-30T14:37:00,50.8892,-78.9503,POINT (1109685.682819 350143.5011),2026,2026,2026-07-09T18:45:00,2026-12-31T23:59:59.999
cwfif_national_activefires.fid--42418745_19f9e948814_-227b,17463725,QC,,2026_QC_227,227,N,-1,0,0,-1,6909.9,MON,OC,2026-06-19T18:49:00,2026-07-09T12:27:00,53.7397,-73.0103,POINT (1399953.368188 767380.1554),2026,2026,2026-07-09T18:45:00,2026-12-31T23:59:59.999
cwfif_national_activefires.fid--42418745_19f9e948814_-227a,17463749,QC,,2026_QC_249,249,N,-1,1,0,-1,27942.9,MON,OC,2026-06-22T18:14:00,2026-06-23T22:06:00,54.3186,-72.6714,POINT (1398849.360917 834404.248793),2026,2026,2026-07-09T18:45:00,2026-12-31T23:59:59.999
cwfif_national_activefires.fid--42418745_19f9e948814_-2279,17463744,QC,,2026_QC_244,244,N,-1,0,0,-1,7554.9,MOD,OC,2026-06-22T22:27:00,2026-07-09T12:28:00,54.0997,-72.4136,POINT (1422647.66207 817646.570718),2026,2026,2026-07-09T18:45:00,2026-12-31T23:59:59.999
cwfif_national_activefires.fid--42418745_19f9e948814_-2278,17463854,QC,,2026_QC_344,344,N,-1,0,0,-1,418.1,MON,OC,2026-06-28T00:46:00,2026-06-29T19:11:00,52.4958,-75.0761,POINT (1315065.280884 594105.930464),2026,2026,2026-07-09T18:45:00,2026-12-31T23:59:59.999
cwfif_national_activefires.fid--42418745_19f9e948814_-2277,17463582,QC,,2023_QC_270,270,N,-1,0,0,-1,6167.4,MON,OC,2023-05-25T18:20:00,2023-05-25T18:20:00,53.1167,-69.1489,POINT (1660193.812584 796730.945762),2023,2023,2026-07-09T18:45:00,2026-12-31T23:59:59.999
cwfif_national_activefires.fid--42418745_19f9e948814_-2276,17415938,QC,,2026_QC_254,254,N,-1,0,0,-1,2111.7,MON,OC,2026-06-23T15:59:00,2026-06-23T15:59:00,53.3522,-71.7594,POINT (1491293.262437 755991.151714),2026,2026,2026-07-09T03:45:00,2026-12-31T23:59:59.999
cwfif_national_activefires.fid--42418745_19f9e948814_-2275,17415929,QC,,2026_QC_246,246,N,-1,0,0,-1,14344.3,MON,OC,2026-06-22T22:11:00,2026-06-26T12:43:00,55.1556,-71.2486,POINT (1450568.102726 951815.589971),2026,2026,2026-07-09T03:45:00,2026-12-31T23:59:59.999
cwfif_national_activefires.fid--42418745_19f9e948814_-2274,17393573,QC,,2026_QC_334,334,N,-1,9,0,-1,11096.2,MON,OC,2026-06-27T18:28:00,2026-06-29T19:11:00,54.0478,-75.6919,POINT (1224807.1177 744028.17568),2026,2026,2026-07-08T18:45:00,2026-12-31T23:59:59.999
cwfif_national_activefires.fid--42418745_19f9e948814_-2273,17348247,QC,,2026_QC_451,451,N,-1,3,0,-1,810.3,MON,OC,2026-06-28T18:53:00,2026-06-28T18:53:00,53.1319,-72.1292,POINT (1477108.285191 724765.084054),2026,2026,2026-07-08T03:45:00,2026-12-31T23:59:59.999
cwfif_national_activefires.fid--42418745_19f9e948814_-2272,17348252,QC,,2026_QC_456,456,N,-1,4,0,-1,382.7,MON,OC,2026-06-28T20:05:00,2026-06-28T20:05:00,53.22,-71.2808,POINT (1525865.393817 753818.315686),2026,2026,2026-07-08T03:45:00,2026-12-31T23:59:59.999
cwfif_national_activefires.fid--42418745_19f9e948814_-2271,17348246,QC,,2026_QC_450,450,N,-1,6,0,-1,111.2,MON,OC,2026-06-29T18:41:00,2026-07-01T18:40:00,53.4681,-70.1078,POINT (1587152.077883 807771.670679),2026,2026,2026-07-08T03:45:00,2026-12-31T23:59:59.999
cwfif_national_activefires.fid--42418745_19f9e948814_-2270,17317623,QC,,2026_QC_420,420,N,-1,6,0,-1,182.9,MON,OC,2026-06-29T14:27:00,2026-06-29T14:27:00,55.3292,-68.4542,POINT (1604090.507869 1036418.082568),2026,2026,2026-07-07T17:45:00,2026-12-31T23:59:59.999
cwfif_national_activefires.fid--42418745_19f9e948814_-226f,17242697,QC,,2026_QC_293,293,N,-1,2,0,-1,2912.4,MON,OC,2026-06-26T17:02:00,2026-06-28T13:06:00,58.0272,-67.0631,POINT (1557955.339578 1338137.644183),2026,2026,2026-07-06T16:45:00,2026-12-31T23:59:59.999
cwfif_national_activefires.fid--42418745_19f9e948814_-226e,17162666,QC,,2026_QC_333,333,N,-1,9,0,-1,9347.0,MON,OC,2026-06-27T18:28:00,2026-06-29T19:11:00,54.0594,-76.0681,POINT (1201286.775829 738066.447536),2026,2026,2026-07-05T13:45:00,2026-12-31T23:59:59.999
cwfif_national_activefires.fid--42418745_19f9e948814_-226d,17114421,QC,,2026_QC_323,323,N,-1,9,0,-1,237.5,MON,OC,2026-06-27T22:13:00,2026-06-28T23:26:00,53.3361,-77.635,POINT (1125829.392496 633348.814134),2026,2026,2026-07-04T21:45:00,2026-12-31T23:59:59.999
cwfif_national_activefires.fid--42418745_19f9e948814_-226c,17094431,QC,,2026_QC_343,343,N,-1,3,0,-1,59.4,MON,OC,2026-06-28T00:18:00,2026-06-29T16:09:00,52.8903,-76.6339,POINT (1202902.049792 604668.477235),2026,2026,2026-07-04T14:45:00,2026-12-31T23:59:59.999
cwfif_national_activefires.fid--42418745_19f9e948814_-226b,17094445,QC,,2026_QC_356,356,N,-1,4,0,-1,348.2,MON,OC,2026-06-26T18:26:00,2026-06-29T21:21:00,51.0414,-76.8997,POINT (1243123.294771 404283.71963),2026,2026,2026-07-04T14:45:00,2026-12-31T23:59:59.999
cwfif_national_activefires.fid--42418745_19f9e948814_-226a,17094474,QC,,2026_QC_382,382,N,-1,3,0,-1,1181.2,MON,OC,2026-06-29T17:13:00,2026-06-30T16:45:00,54.5056,-70.1,POINT (1544282.438939 912965.853385),2026,2026,2026-07-04T14:45:00,2026-12-31T23:59:59.999
cwfif_national_activefires.fid--42418745_19f9e948814_-2269,17094509,QC,,2026_QC_413,413,N,-1,1,0,-1,-1.0,MON,OC,2026-06-27T21:10:00,2026-07-02T11:54:00,50.0783,-79.1022,POINT (1121593.182426 260584.223698),2026,2026,2026-07-04T14:45:00,2026-12-31T23:59:59.999
cwfif_national_activefires.fid--42418745_19f9e948814_-2268,17033527,QC,,2026_QC_241,241,N,-1,2,0,-1,2723.6,MON,OC,2026-06-22T18:04:00,2026-06-22T22:46:00,53.8892,-75.7694,POINT (1225212.529455 725961.06857),2026,2026,2026-07-03T17:45:00,2026-12-31T23:59:59.999
cwfif_national_activefires.fid--42418745_19f9e948814_-2267,16769074,QC,,2026_QC_225,225,N,-1,0,0,-1,23123.7,MON,OC,2026-06-19T19:43:00,2026-06-19T19:43:00,53.97,-75.1828,POINT (1258675.158515 745849.138637),2026,2026,2026-06-29T20:45:00,2026-12-31T23:59:59.999
cwfif_national_activefires.fid--42418745_19f9e948814_-2266,16757383,QC,,2026_QC_224,224,N,-1,0,0,-1,1493.6,MON,OC,2026-06-19T19:34:00,2026-06-20T16:25:00,52.7825,-78.0136,POINT (1117911.156428 568111.147255),2026,2026,2026-06-29T15:45:00,2026-12-31T23:59:59.999
cwfif_national_activefires.fid--42418745_19f9e948814_-2265,16503902,QC,,2023_QC_245,245,N,-1,1,0,-1,1220.4,MON,OC,2023-06-23T12:00:00,2026-06-23T19:10:00,53.8775,-72.8983,POINT (1401655.25195 784043.270515),2023,2026,2026-06-25T01:45:00,2026-12-31T23:59:59.999
cwfif_national_activefires.fid--42418745_19f9e948814_-2264,16482225,QC,,2023_QC_246,246,N,-1,0,0,-1,4.7,MON,OC,2023-06-23T12:00:00,2026-06-23T21:03:00,55.1556,-71.2486,POINT (1450568.102726 951815.589971),2023,2026,2026-06-24T14:45:00,2026-12-31T23:59:59.999
cwfif_national_activefires.fid--42418745_19f9e948814_-2263,14804438,QC,,2020_QC_165,165,H,-1,0,0,-1,0.8,FUL,UC,2020-05-26T22:32:00,2026-05-27T18:50:00,45.9136,-75.7269,POINT (1491809.29007 -117568.786469),2020,2026,2026-05-27T19:45:00,2026-12-31T23:59:59.999
